-1.5,1.5,0.6
-1.5,1.495,0.6
-1.5,1.49,0.6
-1.5,1.485,0.6
-1.5,1.48,0.6
-1.5,1.475,0.6
-1.5,1.47,0.6
-1.5,1.465,0.6
-1.5,1.46,0.6
-1.5,1.455,0.6
-1.5,1.45,0.6
-1.5,1.445,0.6
-1.5,1.44,0.6
-1.5,1.435,0.6
-1.5,1.43,0.6
-1.5,1.425,0.6
-1.5,1.42,0.6
-1.5,1.415,0.6
-1.5,1.41,0.6
-1.5,1.405,0.6
-1.5,1.4,0.6
-1.5,1.395,0.6
-1.5,1.39,0.6
-1.5,1.385,0.6
-1.5,1.38,0.6
-1.5,1.375,0.6
-1.5,1.37,0.6
-1.5,1.365,0.6
-1.5,1.36,0.6
-1.5,1.355,0.6
-1.5,1.35,0.6
-1.5,1.345,0.6
-1.5,1.34,0.6
-1.5,1.335,0.6
-1.5,1.33,0.6
-1.5,1.325,0.6
-1.5,1.32,0.6
-1.5,1.315,0.6
-1.5,1.31,0.6
-1.5,1.305,0.6
-1.5,1.3,0.6
-1.5,1.295,0.6
-1.5,1.29,0.6
-1.5,1.285,0.6
-1.5,1.28,0.6
-1.5,1.275,0.6
-1.5,1.27,0.6
-1.5,1.265,0.6
-1.5,1.26,0.6
-1.5,1.255,0.6
-1.5,1.25,0.6
-1.5,1.245,0.6
-1.5,1.24,0.6
-1.5,1.235,0.6
-1.5,1.23,0.6
-1.5,1.225,0.6
-1.5,1.22,0.6
-1.5,1.215,0.6
-1.5,1.21,0.6
-1.5,1.205,0.6
-1.5,1.2,0.6
-1.5,1.195,0.6
-1.5,1.19,0.6
-1.5,1.185,0.6
-1.5,1.18,0.6
-1.5,1.175,0.6
-1.5,1.17,0.6
-1.5,1.165,0.6
-1.5,1.16,0.6
-1.5,1.155,0.6
-1.5,1.15,0.6
-1.5,1.145,0.6
-1.5,1.14,0.6
-1.5,1.135,0.6
-1.5,1.13,0.6
-1.5,1.125,0.6
-1.5,1.12,0.6
-1.5,1.115,0.6
-1.5,1.11,0.6
-1.5,1.105,0.6
-1.5,1.1,0.6
-1.5,1.095,0.6
-1.5,1.09,0.6
-1.5,1.085,0.6
-1.5,1.08,0.6
-1.5,1.075,0.6
-1.5,1.07,0.6
-1.5,1.065,0.6
-1.5,1.06,0.6
-1.5,1.055,0.6
-1.5,1.05,0.6
-1.5,1.045,0.6
-1.5,1.04,0.6
-1.5,1.035,0.6
-1.5,1.03,0.6
-1.5,1.025,0.6
-1.5,1.02,0.6
-1.5,1.015,0.6
-1.5,1.01,0.6
-1.5,1.005,0.6
-1.5,1,0.6
-1.5,0.995,0.6
-1.5,0.99,0.6
-1.5,0.985,0.6
-1.5,0.98,0.6
-1.5,0.975,0.6
-1.5,0.97,0.6
-1.5,0.965,0.6
-1.5,0.96,0.6
-1.5,0.955,0.6
-1.5,0.95,0.6
-1.5,0.945,0.6
-1.5,0.94,0.6
-1.5,0.935,0.6
-1.5,0.93,0.6
-1.5,0.925,0.6
-1.5,0.92,0.6
-1.5,0.915,0.6
-1.5,0.91,0.6
-1.5,0.905,0.6
-1.5,0.9,0.6
-1.5,0.895,0.6
-1.5,0.89,0.6
-1.5,0.885,0.6
-1.5,0.88,0.6
-1.5,0.875,0.6
-1.5,0.87,0.6
-1.5,0.865,0.6
-1.5,0.86,0.6
-1.5,0.855,0.6
-1.5,0.85,0.6
-1.5,0.845,0.6
-1.5,0.84,0.6
-1.5,0.835,0.6
-1.5,0.83,0.6
-1.5,0.825,0.6
-1.5,0.82,0.6
-1.5,0.815,0.6
-1.5,0.81,0.6
-1.5,0.805,0.6
-1.5,0.8,0.6
-1.5,0.795,0.6
-1.5,0.79,0.6
-1.5,0.785,0.6
-1.5,0.78,0.6
-1.5,0.775,0.6
-1.5,0.77,0.6
-1.5,0.765,0.6
-1.5,0.76,0.6
-1.5,0.755,0.6
-1.5,0.75,0.6
-1.5,0.745,0.6
-1.5,0.74,0.6
-1.5,0.735,0.6
-1.5,0.73,0.6
-1.5,0.725,0.6
-1.5,0.72,0.6
-1.5,0.715,0.6
-1.5,0.71,0.6
-1.5,0.705,0.6
-1.5,0.7,0.6
-1.5,0.695,0.6
-1.5,0.69,0.6
-1.5,0.685,0.6
-1.5,0.68,0.6
-1.5,0.675,0.6
-1.5,0.67,0.6
-1.5,0.665,0.6
-1.5,0.66,0.6
-1.5,0.655,0.6
-1.5,0.65,0.6
-1.5,0.645,0.6
-1.5,0.64,0.6
-1.5,0.635,0.6
-1.5,0.63,0.6
-1.5,0.625,0.6
-1.5,0.62,0.6
-1.5,0.615,0.6
-1.5,0.61,0.6
-1.5,0.605,0.6
-1.5,0.6,0.6
-1.5,0.595,0.6
-1.5,0.59,0.6
-1.5,0.585,0.6
-1.5,0.58,0.6
-1.5,0.575,0.6
-1.5,0.57,0.6
-1.5,0.565,0.6
-1.5,0.56,0.6
-1.5,0.555,0.6
-1.5,0.55,0.6
-1.5,0.545,0.6
-1.5,0.54,0.6
-1.5,0.535,0.6
-1.5,0.53,0.6
-1.5,0.525,0.6
-1.5,0.52,0.6
-1.5,0.515,0.6
-1.5,0.51,0.6
-1.5,0.505,0.6
-1.5,0.5,0.6
-1.5,0.495,0.6
-1.5,0.49,0.6
-1.5,0.485,0.6
-1.5,0.48,0.6
-1.5,0.475,0.6
-1.5,0.47,0.6
-1.5,0.465,0.6
-1.5,0.46,0.6
-1.5,0.455,0.6
-1.5,0.45,0.6
-1.5,0.445,0.6
-1.5,0.44,0.6
-1.5,0.435,0.6
-1.5,0.43,0.6
-1.5,0.425,0.6
-1.5,0.42,0.6
-1.5,0.415,0.6
-1.5,0.41,0.6
-1.5,0.405,0.6
-1.5,0.4,0.6
-1.5,0.395,0.6
-1.5,0.39,0.6
-1.5,0.385,0.6
-1.5,0.38,0.6
-1.5,0.375,0.6
-1.5,0.37,0.6
-1.5,0.365,0.6
-1.5,0.36,0.6
-1.5,0.355,0.6
-1.5,0.35,0.6
-1.5,0.345,0.6
-1.5,0.34,0.6
-1.5,0.335,0.6
-1.5,0.33,0.6
-1.5,0.325,0.6
-1.5,0.32,0.6
-1.5,0.315,0.6
-1.5,0.31,0.6
-1.5,0.305,0.6
-1.5,0.3,0.6
-1.5,0.295,0.6
-1.5,0.29,0.6
-1.5,0.285,0.6
-1.5,0.28,0.6
-1.5,0.275,0.6
-1.5,0.27,0.6
-1.5,0.265,0.6
-1.5,0.26,0.6
-1.5,0.255,0.6
-1.5,0.25,0.6
-1.5,0.245,0.6
-1.5,0.24,0.6
-1.5,0.235,0.6
-1.5,0.23,0.6
-1.5,0.225,0.6
-1.5,0.22,0.6
-1.5,0.215,0.6
-1.5,0.21,0.6
-1.5,0.205,0.6
-1.5,0.2,0.6
-1.5,0.195,0.6
-1.5,0.19,0.6
-1.5,0.185,0.6
-1.5,0.18,0.6
-1.5,0.175,0.6
-1.5,0.17,0.6
-1.5,0.165,0.6
-1.5,0.16,0.6
-1.5,0.155,0.6
-1.5,0.15,0.6
-1.5,0.145,0.6
-1.5,0.14,0.6
-1.5,0.135,0.6
-1.5,0.13,0.6
-1.5,0.125,0.6
-1.5,0.12,0.6
-1.5,0.115,0.6
-1.5,0.11,0.6
-1.5,0.105,0.6
-1.5,0.1,0.6
-1.5,0.095,0.6
-1.5,0.09,0.6
-1.5,0.085,0.6
-1.5,0.08,0.6
-1.5,0.075,0.6
-1.5,0.07,0.6
-1.5,0.065,0.6
-1.5,0.06,0.6
-1.5,0.055,0.6
-1.5,0.05,0.6
-1.5,0.045,0.6
-1.5,0.04,0.6
-1.5,0.035,0.6
-1.5,0.03,0.6
-1.5,0.025,0.6
-1.5,0.02,0.6
-1.5,0.015,0.6
-1.5,0.01,0.6
-1.5,0.005,0.6
-1.5,0,0.6
-1.5,1.837e-16,0.6
-1.5,-0.005,0.6
-1.5,-0.0099999,0.6
-1.4999,-0.015,0.6
-1.4999,-0.019999,0.6
-1.4998,-0.024999,0.6
-1.4997,-0.029998,0.6
-1.4996,-0.034997,0.6
-1.4995,-0.039995,0.6
-1.4993,-0.044993,0.6
-1.4992,-0.049991,0.6
-1.499,-0.054988,0.6
-1.4988,-0.059984,0.6
-1.4986,-0.06498,0.6
-1.4984,-0.069975,0.6
-1.4981,-0.074969,0.6
-1.4979,-0.079962,0.6
-1.4976,-0.084955,0.6
-1.4973,-0.089946,0.6
-1.497,-0.094937,0.6
-1.4967,-0.099926,0.6
-1.4963,-0.10491,0.6
-1.496,-0.1099,0.6
-1.4956,-0.11489,0.6
-1.4952,-0.11987,0.6
-1.4948,-0.12486,0.6
-1.4944,-0.12984,0.6
-1.4939,-0.13482,0.6
-1.4935,-0.1398,0.6
-1.493,-0.14477,0.6
-1.4925,-0.14975,0.6
-1.492,-0.15472,0.6
-1.4915,-0.1597,0.6
-1.4909,-0.16467,0.6
-1.4904,-0.16964,0.6
-1.4898,-0.1746,0.6
-1.4892,-0.17957,0.6
-1.4886,-0.18453,0.6
-1.488,-0.18949,0.6
-1.4873,-0.19445,0.6
-1.4867,-0.19941,0.6
-1.486,-0.20436,0.6
-1.4853,-0.20931,0.6
-1.4846,-0.21426,0.6
-1.4839,-0.21921,0.6
-1.4832,-0.22416,0.6
-1.4824,-0.2291,0.6
-1.4816,-0.23404,0.6
-1.4808,-0.23898,0.6
-1.48,-0.24391,0.6
-1.4792,-0.24884,0.6
-1.4784,-0.25377,0.6
-1.4775,-0.2587,0.6
-1.4767,-0.26362,0.6
-1.4758,-0.26854,0.6
-1.4749,-0.27346,0.6
-1.4739,-0.27838,0.6
-1.473,-0.28329,0.6
-1.4721,-0.2882,0.6
-1.4711,-0.2931,0.6
-1.4701,-0.298,0.6
-1.4691,-0.3029,0.6
-1.4681,-0.3078,0.6
-1.467,-0.31269,0.6
-1.466,-0.31758,0.6
-1.4649,-0.32246,0.6
-1.4638,-0.32734,0.6
-1.4627,-0.33222,0.6
-1.4616,-0.3371,0.6
-1.4605,-0.34197,0.6
-1.4594,-0.34683,0.6
-1.4582,-0.3517,0.6
-1.457,-0.35655,0.6
-1.4558,-0.36141,0.6
-1.4546,-0.36626,0.6
-1.4534,-0.37111,0.6
-1.4521,-0.37595,0.6
-1.4509,-0.38079,0.6
-1.4496,-0.38562,0.6
-1.4483,-0.39045,0.6
-1.447,-0.39528,0.6
-1.4457,-0.4001,0.6
-1.4443,-0.40491,0.6
-1.443,-0.40973,0.6
-1.4416,-0.41453,0.6
-1.4402,-0.41934,0.6
-1.4388,-0.42413,0.6
-1.4374,-0.42893,0.6
-1.4359,-0.43372,0.6
-1.4345,-0.4385,0.6
-1.433,-0.44328,0.6
-1.4315,-0.44805,0.6
-1.43,-0.45282,0.6
-1.4285,-0.45759,0.6
-1.427,-0.46235,0.6
-1.4254,-0.4671,0.6
-1.4239,-0.47185,0.6
-1.4223,-0.47659,0.6
-1.4207,-0.48133,0.6
-1.4191,-0.48606,0.6
-1.4174,-0.49079,0.6
-1.4158,-0.49551,0.6
-1.4141,-0.50023,0.6
-1.4125,-0.50494,0.6
-1.4108,-0.50965,0.6
-1.4091,-0.51435,0.6
-1.4073,-0.51904,0.6
-1.4056,-0.52373,0.6
-1.4038,-0.52841,0.6
-1.4021,-0.53309,0.6
-1.4003,-0.53776,0.6
-1.3985,-0.54242,0.6
-1.3967,-0.54708,0.6
-1.3948,-0.55173,0.6
-1.393,-0.55638,0.6
-1.3911,-0.56102,0.6
-1.3893,-0.56565,0.6
-1.3874,-0.57028,0.6
-1.3855,-0.5749,0.6
-1.3835,-0.57952,0.6
-1.3816,-0.58413,0.6
-1.3796,-0.58873,0.6
-1.3777,-0.59333,0.6
-1.3757,-0.59791,0.6
-1.3737,-0.6025,0.6
-1.3717,-0.60707,0.6
-1.3696,-0.61164,0.6
-1.3676,-0.6162,0.6
-1.3655,-0.62076,0.6
-1.3634,-0.62531,0.6
-1.3614,-0.62985,0.6
-1.3592,-0.63438,0.6
-1.3571,-0.63891,0.6
-1.355,-0.64343,0.6
-1.3528,-0.64794,0.6
-1.3507,-0.65245,0.6
-1.3485,-0.65695,0.6
-1.3463,-0.66144,0.6
-1.3441,-0.66592,0.6
-1.3419,-0.6704,0.6
-1.3396,-0.67487,0.6
-1.3374,-0.67933,0.6
-1.3351,-0.68378,0.6
-1.3328,-0.68823,0.6
-1.3305,-0.69267,0.6
-1.3282,-0.6971,0.6
-1.3258,-0.70152,0.6
-1.3235,-0.70594,0.6
-1.3211,-0.71035,0.6
-1.3188,-0.71475,0.6
-1.3164,-0.71914,0.6
-1.314,-0.72352,0.6
-1.3116,-0.7279,0.6
-1.3091,-0.73227,0.6
-1.3067,-0.73663,0.6
-1.3042,-0.74098,0.6
-1.3017,-0.74532,0.6
-1.2992,-0.74966,0.6
-1.2967,-0.75398,0.6
-1.2942,-0.7583,0.6
-1.2917,-0.76261,0.6
-1.2891,-0.76691,0.6
-1.2866,-0.7712,0.6
-1.284,-0.77549,0.6
-1.2814,-0.77976,0.6
-1.2788,-0.78403,0.6
-1.2762,-0.78829,0.6
-1.2735,-0.79254,0.6
-1.2709,-0.79678,0.6
-1.2682,-0.80101,0.6
-1.2655,-0.80523,0.6
-1.2629,-0.80945,0.6
-1.2601,-0.81365,0.6
-1.2574,-0.81785,0.6
-1.2547,-0.82204,0.6
-1.2519,-0.82621,0.6
-1.2492,-0.83038,0.6
-1.2464,-0.83454,0.6
-1.2436,-0.83869,0.6
-1.2408,-0.84283,0.6
-1.238,-0.84696,0.6
-1.2352,-0.85109,0.6
-1.2323,-0.8552,0.6
-1.2295,-0.8593,0.6
-1.2266,-0.86339,0.6
-1.2237,-0.86748,0.6
-1.2208,-0.87155,0.6
-1.2179,-0.87562,0.6
-1.215,-0.87967,0.6
-1.212,-0.88372,0.6
-1.2091,-0.88775,0.6
-1.2061,-0.89178,0.6
-1.2031,-0.89579,0.6
-1.2002,-0.8998,0.6
-1.1971,-0.90379,0.6
-1.1941,-0.90778,0.6
-1.1911,-0.91175,0.6
-1.188,-0.91572,0.6
-1.185,-0.91968,0.6
-1.1819,-0.92362,0.6
-1.1788,-0.92755,0.6
-1.1757,-0.93148,0.6
-1.1726,-0.93539,0.6
-1.1695,-0.9393,0.6
-1.1664,-0.94319,0.6
-1.1632,-0.94707,0.6
-1.16,-0.95094,0.6
-1.1569,-0.95481,0.6
-1.1537,-0.95866,0.6
-1.1505,-0.9625,0.6
-1.1473,-0.96633,0.6
-1.144,-0.97015,0.6
-1.1408,-0.97395,0.6
-1.1375,-0.97775,0.6
-1.1343,-0.98154,0.6
-1.131,-0.98531,0.6
-1.1277,-0.98908,0.6
-1.1244,-0.99283,0.6
-1.1211,-0.99657,0.6
-1.1178,-1.0003,0.6
-1.1144,-1.004,0.6
-1.1111,-1.0077,0.6
-1.1077,-1.0114,0.6
-1.1043,-1.0151,0.6
-1.1009,-1.0188,0.6
-1.0975,-1.0225,0.6
-1.0941,-1.0261,0.6
-1.0907,-1.0298,0.6
-1.0873,-1.0334,0.6
-1.0838,-1.037,0.6
-1.0803,-1.0406,0.6
-1.0769,-1.0442,0.6
-1.0734,-1.0478,0.6
-1.0699,-1.0514,0.6
-1.0664,-1.0549,0.6
-1.0628,-1.0585,0.6
-1.0593,-1.062,0.6
-1.0558,-1.0655,0.6
-1.0522,-1.069,0.6
-1.0486,-1.0725,0.6
-1.0451,-1.076,0.6
-1.0415,-1.0795,0.6
-1.0379,-1.083,0.6
-1.0342,-1.0864,0.6
-1.0306,-1.0899,0.6
-1.027,-1.0933,0.6
-1.0233,-1.0967,0.6
-1.0197,-1.1001,0.6
-1.016,-1.1035,0.6
-1.0123,-1.1069,0.6
-1.0086,-1.1103,0.6
-1.0049,-1.1136,0.6
-1.0012,-1.117,0.6
-0.99747,-1.1203,0.6
-0.99373,-1.1236,0.6
-0.98997,-1.1269,0.6
-0.98621,-1.1302,0.6
-0.98244,-1.1335,0.6
-0.97866,-1.1368,0.6
-0.97486,-1.14,0.6
-0.97106,-1.1433,0.6
-0.96724,-1.1465,0.6
-0.96341,-1.1497,0.6
-0.95958,-1.1529,0.6
-0.95573,-1.1561,0.6
-0.95187,-1.1593,0.6
-0.948,-1.1625,0.6
-0.94412,-1.1656,0.6
-0.94023,-1.1687,0.6
-0.93633,-1.1719,0.6
-0.93241,-1.175,0.6
-0.92849,-1.1781,0.6
-0.92456,-1.1812,0.6
-0.92062,-1.1843,0.6
-0.91667,-1.1873,0.6
-0.9127,-1.1904,0.6
-0.90873,-1.1934,0.6
-0.90475,-1.1964,0.6
-0.90075,-1.1994,0.6
-0.89675,-1.2024,0.6
-0.89274,-1.2054,0.6
-0.88871,-1.2084,0.6
-0.88468,-1.2113,0.6
-0.88064,-1.2143,0.6
-0.87659,-1.2172,0.6
-0.87252,-1.2201,0.6
-0.86845,-1.223,0.6
-0.86437,-1.2259,0.6
-0.86028,-1.2288,0.6
-0.85618,-1.2316,0.6
-0.85207,-1.2345,0.6
-0.84795,-1.2373,0.6
-0.84382,-1.2401,0.6
-0.83968,-1.243,0.6
-0.83553,-1.2457,0.6
-0.83138,-1.2485,0.6
-0.82721,-1.2513,0.6
-0.82303,-1.254,0.6
-0.81885,-1.2568,0.6
-0.81466,-1.2595,0.6
-0.81045,-1.2622,0.6
-0.80624,-1.2649,0.6
-0.80202,-1.2676,0.6
-0.79779,-1.2702,0.6
-0.79355,-1.2729,0.6
-0.78931,-1.2755,0.6
-0.78505,-1.2782,0.6
-0.78078,-1.2808,0.6
-0.77651,-1.2834,0.6
-0.77223,-1.2859,0.6
-0.76794,-1.2885,0.6
-0.76364,-1.2911,0.6
-0.75933,-1.2936,0.6
-0.75501,-1.2961,0.6
-0.75069,-1.2986,0.6
-0.74636,-1.3011,0.6
-0.74202,-1.3036,0.6
-0.73767,-1.3061,0.6
-0.73331,-1.3085,0.6
-0.72894,-1.311,0.6
-0.72457,-1.3134,0.6
-0.72019,-1.3158,0.6
-0.7158,-1.3182,0.6
-0.7114,-1.3206,0.6
-0.70699,-1.3229,0.6
-0.70258,-1.3253,0.6
-0.69816,-1.3276,0.6
-0.69373,-1.3299,0.6
-0.68929,-1.3322,0.6
-0.68485,-1.3345,0.6
-0.68039,-1.3368,0.6
-0.67593,-1.3391,0.6
-0.67147,-1.3413,0.6
-0.66699,-1.3435,0.6
-0.66251,-1.3458,0.6
-0.65802,-1.348,0.6
-0.65352,-1.3502,0.6
-0.64902,-1.3523,0.6
-0.64451,-1.3545,0.6
-0.63999,-1.3566,0.6
-0.63546,-1.3587,0.6
-0.63093,-1.3609,0.6
-0.62639,-1.363,0.6
-0.62185,-1.365,0.6
-0.61729,-1.3671,0.6
-0.61273,-1.3691,0.6
-0.60816,-1.3712,0.6
-0.60359,-1.3732,0.6
-0.59901,-1.3752,0.6
-0.59442,-1.3772,0.6
-0.58983,-1.3792,0.6
-0.58523,-1.3811,0.6
-0.58062,-1.3831,0.6
-0.57601,-1.385,0.6
-0.57139,-1.3869,0.6
-0.56676,-1.3888,0.6
-0.56213,-1.3907,0.6
-0.55749,-1.3926,0.6
-0.55284,-1.3944,0.6
-0.54819,-1.3962,0.6
-0.54354,-1.3981,0.6
-0.53887,-1.3999,0.6
-0.5342,-1.4017,0.6
-0.52953,-1.4034,0.6
-0.52485,-1.4052,0.6
-0.52016,-1.4069,0.6
-0.51547,-1.4086,0.6
-0.51077,-1.4104,0.6
-0.50607,-1.4121,0.6
-0.50136,-1.4137,0.6
-0.49664,-1.4154,0.6
-0.49192,-1.417,0.6
-0.48719,-1.4187,0.6
-0.48246,-1.4203,0.6
-0.47773,-1.4219,0.6
-0.47298,-1.4235,0.6
-0.46824,-1.425,0.6
-0.46348,-1.4266,0.6
-0.45873,-1.4281,0.6
-0.45396,-1.4297,0.6
-0.44919,-1.4312,0.6
-0.44442,-1.4327,0.6
-0.43964,-1.4341,0.6
-0.43486,-1.4356,0.6
-0.43007,-1.437,0.6
-0.42528,-1.4384,0.6
-0.42048,-1.4399,0.6
-0.41568,-1.4413,0.6
-0.41087,-1.4426,0.6
-0.40606,-1.444,0.6
-0.40125,-1.4453,0.6
-0.39643,-1.4467,0.6
-0.3916,-1.448,0.6
-0.38678,-1.4493,0.6
-0.38194,-1.4506,0.6
-0.3771,-1.4518,0.6
-0.37226,-1.4531,0.6
-0.36742,-1.4543,0.6
-0.36257,-1.4555,0.6
-0.35771,-1.4567,0.6
-0.35286,-1.4579,0.6
-0.34799,-1.4591,0.6
-0.34313,-1.4602,0.6
-0.33826,-1.4614,0.6
-0.33339,-1.4625,0.6
-0.32851,-1.4636,0.6
-0.32363,-1.4647,0.6
-0.31875,-1.4657,0.6
-0.31386,-1.4668,0.6
-0.30897,-1.4678,0.6
-0.30407,-1.4689,0.6
-0.29917,-1.4699,0.6
-0.29427,-1.4709,0.6
-0.28937,-1.4718,0.6
-0.28446,-1.4728,0.6
-0.27955,-1.4737,0.6
-0.27464,-1.4746,0.6
-0.26972,-1.4756,0.6
-0.2648,-1.4764,0.6
-0.25988,-1.4773,0.6
-0.25495,-1.4782,0.6
-0.25002,-1.479,0.6
-0.24509,-1.4798,0.6
-0.24016,-1.4807,0.6
-0.23522,-1.4814,0.6
-0.23028,-1.4822,0.6
-0.22534,-1.483,0.6
-0.22039,-1.4837,0.6
-0.21545,-1.4844,0.6
-0.2105,-1.4852,0.6
-0.20555,-1.4859,0.6
-0.20059,-1.4865,0.6
-0.19564,-1.4872,0.6
-0.19068,-1.4878,0.6
-0.18572,-1.4885,0.6
-0.18075,-1.4891,0.6
-0.17579,-1.4897,0.6
-0.17082,-1.4902,0.6
-0.16585,-1.4908,0.6
-0.16088,-1.4913,0.6
-0.15591,-1.4919,0.6
-0.15094,-1.4924,0.6
-0.14596,-1.4929,0.6
-0.14099,-1.4934,0.6
-0.13601,-1.4938,0.6
-0.13103,-1.4943,0.6
-0.12605,-1.4947,0.6
-0.12106,-1.4951,0.6
-0.11608,-1.4955,0.6
-0.11109,-1.4959,0.6
-0.10611,-1.4962,0.6
-0.10112,-1.4966,0.6
-0.096129,-1.4969,0.6
-0.091138,-1.4972,0.6
-0.086147,-1.4975,0.6
-0.081155,-1.4978,0.6
-0.076162,-1.4981,0.6
-0.071168,-1.4983,0.6
-0.066173,-1.4985,0.6
-0.061178,-1.4988,0.6
-0.056181,-1.4989,0.6
-0.051185,-1.4991,0.6
-0.046187,-1.4993,0.6
-0.041189,-1.4994,0.6
-0.036191,-1.4996,0.6
-0.031192,-1.4997,0.6
-0.026193,-1.4998,0.6
-0.021194,-1.4999,0.6
-0.016194,-1.4999,0.6
-0.011194,-1.5,0.6
-0.0061945,-1.5,0.6
-0.0011945,-1.5,0.6
0.0038055,-1.5,0.6
0.0088055,-1.5,0.6
0.013805,-1.4999,0.6
0.018805,-1.4999,0.6
0.023805,-1.4998,0.6
0.028804,-1.4997,0.6
0.033803,-1.4996,0.6
0.038801,-1.4995,0.6
0.043799,-1.4994,0.6
0.048797,-1.4992,0.6
0.053794,-1.499,0.6
0.05879,-1.4988,0.6
0.063786,-1.4986,0.6
0.068781,-1.4984,0.6
0.073776,-1.4982,0.6
0.078769,-1.4979,0.6
0.083762,-1.4977,0.6
0.088754,-1.4974,0.6
0.093744,-1.4971,0.6
0.098734,-1.4967,0.6
0.10372,-1.4964,0.6
0.10871,-1.4961,0.6
0.1137,-1.4957,0.6
0.11868,-1.4953,0.6
0.12366,-1.4949,0.6
0.12865,-1.4945,0.6
0.13363,-1.494,0.6
0.13861,-1.4936,0.6
0.14359,-1.4931,0.6
0.14856,-1.4926,0.6
0.15354,-1.4921,0.6
0.15851,-1.4916,0.6
0.16348,-1.4911,0.6
0.16845,-1.4905,0.6
0.17342,-1.4899,0.6
0.17838,-1.4894,0.6
0.18335,-1.4888,0.6
0.18831,-1.4881,0.6
0.19327,-1.4875,0.6
0.19822,-1.4868,0.6
0.20318,-1.4862,0.6
0.20813,-1.4855,0.6
0.21308,-1.4848,0.6
0.21803,-1.4841,0.6
0.22298,-1.4833,0.6
0.22792,-1.4826,0.6
0.23286,-1.4818,0.6
0.2378,-1.481,0.6
0.24273,-1.4802,0.6
0.24767,-1.4794,0.6
0.2526,-1.4786,0.6
0.25752,-1.4777,0.6
0.26245,-1.4769,0.6
0.26737,-1.476,0.6
0.27229,-1.4751,0.6
0.2772,-1.4742,0.6
0.28212,-1.4732,0.6
0.28702,-1.4723,0.6
0.29193,-1.4713,0.6
0.29683,-1.4703,0.6
0.30173,-1.4693,0.6
0.30663,-1.4683,0.6
0.31152,-1.4673,0.6
0.31641,-1.4662,0.6
0.3213,-1.4652,0.6
0.32618,-1.4641,0.6
0.33106,-1.463,0.6
0.33593,-1.4619,0.6
0.3408,-1.4608,0.6
0.34567,-1.4596,0.6
0.35053,-1.4585,0.6
0.35539,-1.4573,0.6
0.36025,-1.4561,0.6
0.3651,-1.4549,0.6
0.36995,-1.4537,0.6
0.37479,-1.4524,0.6
0.37963,-1.4512,0.6
0.38447,-1.4499,0.6
0.3893,-1.4486,0.6
0.39412,-1.4473,0.6
0.39895,-1.446,0.6
0.40376,-1.4446,0.6
0.40858,-1.4433,0.6
0.41339,-1.4419,0.6
0.41819,-1.4405,0.6
0.42299,-1.4391,0.6
0.42778,-1.4377,0.6
0.43257,-1.4363,0.6
0.43736,-1.4348,0.6
0.44214,-1.4334,0.6
0.44691,-1.4319,0.6
0.45168,-1.4304,0.6
0.45645,-1.4289,0.6
0.46121,-1.4273,0.6
0.46597,-1.4258,0.6
0.47072,-1.4242,0.6
0.47546,-1.4227,0.6
0.4802,-1.4211,0.6
0.48493,-1.4195,0.6
0.48966,-1.4178,0.6
0.49439,-1.4162,0.6
0.4991,-1.4145,0.6
0.50382,-1.4129,0.6
0.50852,-1.4112,0.6
0.51322,-1.4095,0.6
0.51792,-1.4077,0.6
0.52261,-1.406,0.6
0.52729,-1.4043,0.6
0.53197,-1.4025,0.6
0.53664,-1.4007,0.6
0.54131,-1.3989,0.6
0.54597,-1.3971,0.6
0.55062,-1.3953,0.6
0.55527,-1.3934,0.6
0.55991,-1.3916,0.6
0.56455,-1.3897,0.6
0.56918,-1.3878,0.6
0.5738,-1.3859,0.6
0.57842,-1.384,0.6
0.58303,-1.3821,0.6
0.58763,-1.3801,0.6
0.59223,-1.3781,0.6
0.59682,-1.3762,0.6
0.6014,-1.3742,0.6
0.60598,-1.3721,0.6
0.61055,-1.3701,0.6
0.61511,-1.3681,0.6
0.61967,-1.366,0.6
0.62422,-1.3639,0.6
0.62876,-1.3619,0.6
0.6333,-1.3598,0.6
0.63783,-1.3576,0.6
0.64235,-1.3555,0.6
0.64686,-1.3534,0.6
0.65137,-1.3512,0.6
0.65587,-1.349,0.6
0.66037,-1.3468,0.6
0.66485,-1.3446,0.6
0.66933,-1.3424,0.6
0.6738,-1.3401,0.6
0.67826,-1.3379,0.6
0.68272,-1.3356,0.6
0.68717,-1.3333,0.6
0.69161,-1.331,0.6
0.69604,-1.3287,0.6
0.70047,-1.3264,0.6
0.70488,-1.3241,0.6
0.70929,-1.3217,0.6
0.7137,-1.3193,0.6
0.71809,-1.3169,0.6
0.72248,-1.3145,0.6
0.72685,-1.3121,0.6
0.73122,-1.3097,0.6
0.73558,-1.3073,0.6
0.73994,-1.3048,0.6
0.74428,-1.3023,0.6
0.74862,-1.2998,0.6
0.75295,-1.2973,0.6
0.75727,-1.2948,0.6
0.76158,-1.2923,0.6
0.76588,-1.2897,0.6
0.77018,-1.2872,0.6
0.77447,-1.2846,0.6
0.77874,-1.282,0.6
0.78301,-1.2794,0.6
0.78727,-1.2768,0.6
0.79152,-1.2742,0.6
0.79577,-1.2715,0.6
0.8,-1.2689,0.6
0.80423,-1.2662,0.6
0.80844,-1.2635,0.6
0.81265,-1.2608,0.6
0.81685,-1.2581,0.6
0.82104,-1.2553,0.6
0.82522,-1.2526,0.6
0.82939,-1.2498,0.6
0.83355,-1.2471,0.6
0.8377,-1.2443,0.6
0.84184,-1.2415,0.6
0.84598,-1.2387,0.6
0.8501,-1.2359,0.6
0.85422,-1.233,0.6
0.85832,-1.2302,0.6
0.86242,-1.2273,0.6
0.8665,-1.2244,0.6
0.87058,-1.2215,0.6
0.87465,-1.2186,0.6
0.8787,-1.2157,0.6
0.88275,-1.2127,0.6
0.88679,-1.2098,0.6
0.89082,-1.2068,0.6
0.89483,-1.2039,0.6
0.89884,-1.2009,0.6
0.90284,-1.1979,0.6
0.90683,-1.1948,0.6
0.91081,-1.1918,0.6
0.91477,-1.1888,0.6
0.91873,-1.1857,0.6
0.92268,-1.1827,0.6
0.92662,-1.1796,0.6
0.93054,-1.1765,0.6
0.93446,-1.1734,0.6
0.93836,-1.1702,0.6
0.94226,-1.1671,0.6
0.94615,-1.164,0.6
0.95002,-1.1608,0.6
0.95388,-1.1576,0.6
0.95774,-1.1544,0.6
0.96158,-1.1512,0.6
0.96541,-1.148,0.6
0.96923,-1.1448,0.6
0.97304,-1.1416,0.6
0.97684,-1.1383,0.6
0.98063,-1.1351,0.6
0.98441,-1.1318,0.6
0.98818,-1.1285,0.6
0.99193,-1.1252,0.6
0.99568,-1.1219,0.6
0.99941,-1.1186,0.6
1.0031,-1.1152,0.6
1.0068,-1.1119,0.6
1.0105,-1.1085,0.6
1.0142,-1.1051,0.6
1.0179,-1.1017,0.6
1.0216,-1.0983,0.6
1.0252,-1.0949,0.6
1.0289,-1.0915,0.6
1.0325,-1.0881,0.6
1.0361,-1.0846,0.6
1.0397,-1.0812,0.6
1.0433,-1.0777,0.6
1.0469,-1.0742,0.6
1.0505,-1.0707,0.6
1.0541,-1.0672,0.6
1.0576,-1.0637,0.6
1.0612,-1.0602,0.6
1.0647,-1.0566,0.6
1.0682,-1.0531,0.6
1.0717,-1.0495,0.6
1.0752,-1.0459,0.6
1.0787,-1.0423,0.6
1.0822,-1.0387,0.6
1.0856,-1.0351,0.6
1.0891,-1.0315,0.6
1.0925,-1.0279,0.6
1.0959,-1.0242,0.6
1.0993,-1.0205,0.6
1.1027,-1.0169,0.6
1.1061,-1.0132,0.6
1.1095,-1.0095,0.6
1.1128,-1.0058,0.6
1.1162,-1.0021,0.6
1.1195,-0.99836,0.6
1.1228,-0.99462,0.6
1.1261,-0.99087,0.6
1.1294,-0.98711,0.6
1.1327,-0.98334,0.6
1.136,-0.97956,0.6
1.1392,-0.97577,0.6
1.1425,-0.97197,0.6
1.1457,-0.96815,0.6
1.1489,-0.96433,0.6
1.1522,-0.96049,0.6
1.1553,-0.95665,0.6
1.1585,-0.95279,0.6
1.1617,-0.94892,0.6
1.1649,-0.94505,0.6
1.168,-0.94116,0.6
1.1711,-0.93726,0.6
1.1742,-0.93335,0.6
1.1774,-0.92943,0.6
1.1804,-0.9255,0.6
1.1835,-0.92156,0.6
1.1866,-0.91761,0.6
1.1896,-0.91365,0.6
1.1927,-0.90968,0.6
1.1957,-0.9057,0.6
1.1987,-0.90171,0.6
1.2017,-0.89771,0.6
1.2047,-0.8937,0.6
1.2077,-0.88968,0.6
1.2106,-0.88565,0.6
1.2136,-0.88161,0.6
1.2165,-0.87756,0.6
1.2194,-0.8735,0.6
1.2223,-0.86943,0.6
1.2252,-0.86535,0.6
1.2281,-0.86126,0.6
1.231,-0.85716,0.6
1.2338,-0.85305,0.6
1.2367,-0.84893,0.6
1.2395,-0.84481,0.6
1.2423,-0.84067,0.6
1.2451,-0.83653,0.6
1.2479,-0.83237,0.6
1.2506,-0.82821,0.6
1.2534,-0.82403,0.6
1.2561,-0.81985,0.6
1.2588,-0.81566,0.6
1.2616,-0.81146,0.6
1.2643,-0.80725,0.6
1.2669,-0.80303,0.6
1.2696,-0.7988,0.6
1.2723,-0.79457,0.6
1.2749,-0.79032,0.6
1.2775,-0.78607,0.6
1.2801,-0.7818,0.6
1.2827,-0.77753,0.6
1.2853,-0.77325,0.6
1.2879,-0.76896,0.6
1.2905,-0.76467,0.6
1.293,-0.76036,0.6
1.2955,-0.75605,0.6
1.298,-0.75172,0.6
1.3005,-0.74739,0.6
1.303,-0.74305,0.6
1.3055,-0.73871,0.6
1.3079,-0.73435,0.6
1.3104,-0.72999,0.6
1.3128,-0.72561,0.6
1.3152,-0.72123,0.6
1.3176,-0.71685,0.6
1.32,-0.71245,0.6
1.3224,-0.70805,0.6
1.3247,-0.70363,0.6
1.3271,-0.69921,0.6
1.3294,-0.69479,0.6
1.3317,-0.69035,0.6
1.334,-0.68591,0.6
1.3363,-0.68146,0.6
1.3385,-0.677,0.6
1.3408,-0.67253,0.6
1.343,-0.66806,0.6
1.3452,-0.66358,0.6
1.3474,-0.65909,0.6
1.3496,-0.6546,0.6
1.3518,-0.6501,0.6
1.354,-0.64559,0.6
1.3561,-0.64107,0.6
1.3582,-0.63655,0.6
1.3604,-0.63201,0.6
1.3625,-0.62748,0.6
1.3645,-0.62293,0.6
1.3666,-0.61838,0.6
1.3687,-0.61382,0.6
1.3707,-0.60926,0.6
1.3727,-0.60468,0.6
1.3747,-0.6001,0.6
1.3767,-0.59552,0.6
1.3787,-0.59093,0.6
1.3807,-0.58633,0.6
1.3826,-0.58172,0.6
1.3845,-0.57711,0.6
1.3865,-0.57249,0.6
1.3884,-0.56787,0.6
1.3902,-0.56324,0.6
1.3921,-0.5586,0.6
1.394,-0.55396,0.6
1.3958,-0.54931,0.6
1.3976,-0.54465,0.6
1.3994,-0.53999,0.6
1.4012,-0.53532,0.6
1.403,-0.53065,0.6
1.4048,-0.52597,0.6
1.4065,-0.52128,0.6
1.4082,-0.51659,0.6
1.41,-0.51189,0.6
1.4117,-0.50719,0.6
1.4133,-0.50248,0.6
1.415,-0.49777,0.6
1.4167,-0.49305,0.6
1.4183,-0.48832,0.6
1.4199,-0.48359,0.6
1.4215,-0.47886,0.6
1.4231,-0.47412,0.6
1.4247,-0.46937,0.6
1.4262,-0.46462,0.6
1.4278,-0.45986,0.6
1.4293,-0.4551,0.6
1.4308,-0.45033,0.6
1.4323,-0.44556,0.6
1.4338,-0.44079,0.6
1.4352,-0.436,0.6
1.4367,-0.43122,0.6
1.4381,-0.42643,0.6
1.4395,-0.42163,0.6
1.4409,-0.41683,0.6
1.4423,-0.41202,0.6
1.4437,-0.40721,0.6
1.445,-0.4024,0.6
1.4464,-0.39758,0.6
1.4477,-0.39276,0.6
1.449,-0.38793,0.6
1.4503,-0.3831,0.6
1.4515,-0.37826,0.6
1.4528,-0.37342,0.6
1.454,-0.36858,0.6
1.4552,-0.36373,0.6
1.4564,-0.35887,0.6
1.4576,-0.35402,0.6
1.4588,-0.34916,0.6
1.46,-0.34429,0.6
1.4611,-0.33942,0.6
1.4622,-0.33455,0.6
1.4633,-0.32968,0.6
1.4644,-0.3248,0.6
1.4655,-0.31991,0.6
1.4665,-0.31503,0.6
1.4676,-0.31014,0.6
1.4686,-0.30524,0.6
1.4696,-0.30034,0.6
1.4706,-0.29544,0.6
1.4716,-0.29054,0.6
1.4726,-0.28563,0.6
1.4735,-0.28072,0.6
1.4744,-0.27581,0.6
1.4753,-0.27089,0.6
1.4762,-0.26598,0.6
1.4771,-0.26105,0.6
1.478,-0.25613,0.6
1.4788,-0.2512,0.6
1.4796,-0.24627,0.6
1.4805,-0.24134,0.6
1.4813,-0.2364,0.6
1.482,-0.23146,0.6
1.4828,-0.22652,0.6
1.4835,-0.22158,0.6
1.4843,-0.21663,0.6
1.485,-0.21168,0.6
1.4857,-0.20673,0.6
1.4864,-0.20178,0.6
1.487,-0.19682,0.6
1.4877,-0.19186,0.6
1.4883,-0.1869,0.6
1.4889,-0.18194,0.6
1.4895,-0.17698,0.6
1.4901,-0.17201,0.6
1.4907,-0.16704,0.6
1.4912,-0.16207,0.6
1.4918,-0.1571,0.6
1.4923,-0.15213,0.6
1.4928,-0.14715,0.6
1.4932,-0.14218,0.6
1.4937,-0.1372,0.6
1.4942,-0.13222,0.6
1.4946,-0.12724,0.6
1.495,-0.12225,0.6
1.4954,-0.11727,0.6
1.4958,-0.11228,0.6
1.4962,-0.1073,0.6
1.4965,-0.10231,0.6
1.4968,-0.097321,0.6
1.4972,-0.092331,0.6
1.4975,-0.08734,0.6
1.4977,-0.082348,0.6
1.498,-0.077355,0.6
1.4983,-0.072361,0.6
1.4985,-0.067366,0.6
1.4987,-0.062371,0.6
1.4989,-0.057375,0.6
1.4991,-0.052378,0.6
1.4993,-0.047381,0.6
1.4994,-0.042383,0.6
1.4995,-0.037385,0.6
1.4997,-0.032386,0.6
1.4997,-0.027387,0.6
1.4998,-0.022388,0.6
1.4999,-0.017389,0.6
1.4999,-0.012389,0.6
1.5,-0.007389,0.6
1.5,-0.002389,0.6
1.5,0.0025,0.6
1.5,0.005,0.6
1.5,0.0075,0.6
1.5,0.01,0.6
1.5,0.0125,0.6
1.5,0.015,0.6
1.5,0.0175,0.6
1.5,0.02,0.6
1.5,0.0225,0.6
1.5,0.025,0.6
1.5,0.0275,0.6
1.5,0.03,0.6
1.5,0.0325,0.6
1.5,0.035,0.6
1.5,0.0375,0.6
1.5,0.04,0.6
1.5,0.0425,0.6
1.5,0.045,0.6
1.5,0.0475,0.6
1.5,0.05,0.6
1.5,0.0525,0.6
1.5,0.055,0.6
1.5,0.0575,0.6
1.5,0.06,0.6
1.5,0.0625,0.6
1.5,0.065,0.6
1.5,0.0675,0.6
1.5,0.07,0.6
1.5,0.0725,0.6
1.5,0.075,0.6
1.5,0.0775,0.6
1.5,0.08,0.6
1.5,0.0825,0.6
1.5,0.085,0.6
1.5,0.0875,0.6
1.5,0.09,0.6
1.5,0.0925,0.6
1.5,0.095,0.6
1.5,0.0975,0.6
1.5,0.1,0.6
1.5,0.1025,0.6
1.5,0.105,0.6
1.5,0.1075,0.6
1.5,0.11,0.6
1.5,0.1125,0.6
1.5,0.115,0.6
1.5,0.1175,0.6
1.5,0.12,0.6
1.5,0.1225,0.6
1.5,0.125,0.6
1.5,0.1275,0.6
1.5,0.13,0.6
1.5,0.1325,0.6
1.5,0.135,0.6
1.5,0.1375,0.6
1.5,0.14,0.6
1.5,0.1425,0.6
1.5,0.145,0.6
1.5,0.1475,0.6
1.5,0.15,0.6
1.5,0.1525,0.6
1.5,0.155,0.6
1.5,0.1575,0.6
1.5,0.16,0.6
1.5,0.1625,0.6
1.5,0.165,0.6
1.5,0.1675,0.6
1.5,0.17,0.6
1.5,0.1725,0.6
1.5,0.175,0.6
1.5,0.1775,0.6
1.5,0.18,0.6
1.5,0.1825,0.6
1.5,0.185,0.6
1.5,0.1875,0.6
1.5,0.19,0.6
1.5,0.1925,0.6
1.5,0.195,0.6
1.5,0.1975,0.6
1.5,0.2,0.6
1.5,0.2025,0.6
1.5,0.205,0.6
1.5,0.2075,0.6
1.5,0.21,0.6
1.5,0.2125,0.6
1.5,0.215,0.6
1.5,0.2175,0.6
1.5,0.22,0.6
1.5,0.2225,0.6
1.5,0.225,0.6
1.5,0.2275,0.6
1.5,0.23,0.6
1.5,0.2325,0.6
1.5,0.235,0.6
1.5,0.2375,0.6
1.5,0.24,0.6
1.5,0.2425,0.6
1.5,0.245,0.6
1.5,0.2475,0.6
1.5,0.25,0.6
1.5,0.2525,0.6
1.5,0.255,0.6
1.5,0.2575,0.6
1.5,0.26,0.6
1.5,0.2625,0.6
1.5,0.265,0.6
1.5,0.2675,0.6
1.5,0.27,0.6
1.5,0.2725,0.6
1.5,0.275,0.6
1.5,0.2775,0.6
1.5,0.28,0.6
1.5,0.2825,0.6
1.5,0.285,0.6
1.5,0.2875,0.6
1.5,0.29,0.6
1.5,0.2925,0.6
1.5,0.295,0.6
1.5,0.2975,0.6
1.5,0.3,0.6
1.5,0.3025,0.6
1.5,0.305,0.6
1.5,0.3075,0.6
1.5,0.31,0.6
1.5,0.3125,0.6
1.5,0.315,0.6
1.5,0.3175,0.6
1.5,0.32,0.6
1.5,0.3225,0.6
1.5,0.325,0.6
1.5,0.3275,0.6
1.5,0.33,0.6
1.5,0.3325,0.6
1.5,0.335,0.6
1.5,0.3375,0.6
1.5,0.34,0.6
1.5,0.3425,0.6
1.5,0.345,0.6
1.5,0.3475,0.6
1.5,0.35,0.6
1.5,0.3525,0.6
1.5,0.355,0.6
1.5,0.3575,0.6
1.5,0.36,0.6
1.5,0.3625,0.6
1.5,0.365,0.6
1.5,0.3675,0.6
1.5,0.37,0.6
1.5,0.3725,0.6
1.5,0.375,0.6
1.5,0.3775,0.6
1.5,0.38,0.6
1.5,0.3825,0.6
1.5,0.385,0.6
1.5,0.3875,0.6
1.5,0.39,0.6
1.5,0.3925,0.6
1.5,0.395,0.6
1.5,0.3975,0.6
1.5,0.4,0.6
1.5,0.4025,0.6
1.5,0.405,0.6
1.5,0.4075,0.6
1.5,0.41,0.6
1.5,0.4125,0.6
1.5,0.415,0.6
1.5,0.4175,0.6
1.5,0.42,0.6
1.5,0.4225,0.6
1.5,0.425,0.6
1.5,0.4275,0.6
1.5,0.43,0.6
1.5,0.4325,0.6
1.5,0.435,0.6
1.5,0.4375,0.6
1.5,0.44,0.6
1.5,0.4425,0.6
1.5,0.445,0.6
1.5,0.4475,0.6
1.5,0.45,0.6
1.5,0.4525,0.6
1.5,0.455,0.6
1.5,0.4575,0.6
1.5,0.46,0.6
1.5,0.4625,0.6
1.5,0.465,0.6
1.5,0.4675,0.6
1.5,0.47,0.6
1.5,0.4725,0.6
1.5,0.475,0.6
1.5,0.4775,0.6
1.5,0.48,0.6
1.5,0.4825,0.6
1.5,0.485,0.6
1.5,0.4875,0.6
1.5,0.49,0.6
1.5,0.4925,0.6
1.5,0.495,0.6
1.5,0.4975,0.6
1.5,0.5,0.6
1.5,0.5025,0.6
1.5,0.505,0.6
1.5,0.5075,0.6
1.5,0.51,0.6
1.5,0.5125,0.6
1.5,0.515,0.6
1.5,0.5175,0.6
1.5,0.52,0.6
1.5,0.5225,0.6
1.5,0.525,0.6
1.5,0.5275,0.6
1.5,0.53,0.6
1.5,0.5325,0.6
1.5,0.535,0.6
1.5,0.5375,0.6
1.5,0.54,0.6
1.5,0.5425,0.6
1.5,0.545,0.6
1.5,0.5475,0.6
1.5,0.55,0.6
1.5,0.5525,0.6
1.5,0.555,0.6
1.5,0.5575,0.6
1.5,0.56,0.6
1.5,0.5625,0.6
1.5,0.565,0.6
1.5,0.5675,0.6
1.5,0.57,0.6
1.5,0.5725,0.6
1.5,0.575,0.6
1.5,0.5775,0.6
1.5,0.58,0.6
1.5,0.5825,0.6
1.5,0.585,0.6
1.5,0.5875,0.6
1.5,0.59,0.6
1.5,0.5925,0.6
1.5,0.595,0.6
1.5,0.5975,0.6
1.5,0.6,0.6
1.5,0.6025,0.6
1.5,0.605,0.6
1.5,0.6075,0.6
1.5,0.61,0.6
1.5,0.6125,0.6
1.5,0.615,0.6
1.5,0.6175,0.6
1.5,0.62,0.6
1.5,0.6225,0.6
1.5,0.625,0.6
1.5,0.6275,0.6
1.5,0.63,0.6
1.5,0.6325,0.6
1.5,0.635,0.6
1.5,0.6375,0.6
1.5,0.64,0.6
1.5,0.6425,0.6
1.5,0.645,0.6
1.5,0.6475,0.6
1.5,0.65,0.6
1.5,0.6525,0.6
1.5,0.655,0.6
1.5,0.6575,0.6
1.5,0.66,0.6
1.5,0.6625,0.6
1.5,0.665,0.6
1.5,0.6675,0.6
1.5,0.67,0.6
1.5,0.6725,0.6
1.5,0.675,0.6
1.5,0.6775,0.6
1.5,0.68,0.6
1.5,0.6825,0.6
1.5,0.685,0.6
1.5,0.6875,0.6
1.5,0.69,0.6
1.5,0.6925,0.6
1.5,0.695,0.6
1.5,0.6975,0.6
1.5,0.7,0.6
1.5,0.7025,0.6
1.5,0.705,0.6
1.5,0.7075,0.6
1.5,0.71,0.6
1.5,0.7125,0.6
1.5,0.715,0.6
1.5,0.7175,0.6
1.5,0.72,0.6
1.5,0.7225,0.6
1.5,0.725,0.6
1.5,0.7275,0.6
1.5,0.73,0.6
1.5,0.7325,0.6
1.5,0.735,0.6
1.5,0.7375,0.6
1.5,0.74,0.6
1.5,0.7425,0.6
1.5,0.745,0.6
1.5,0.7475,0.6
1.5,0.75,0.6
1.5,0.7525,0.6
1.5,0.755,0.6
1.5,0.7575,0.6
1.5,0.76,0.6
1.5,0.7625,0.6
1.5,0.765,0.6
1.5,0.7675,0.6
1.5,0.77,0.6
1.5,0.7725,0.6
1.5,0.775,0.6
1.5,0.7775,0.6
1.5,0.78,0.6
1.5,0.7825,0.6
1.5,0.785,0.6
1.5,0.7875,0.6
1.5,0.79,0.6
1.5,0.7925,0.6
1.5,0.795,0.6
1.5,0.7975,0.6
1.5,0.8,0.6
1.5,0.8025,0.6
1.5,0.805,0.6
1.5,0.8075,0.6
1.5,0.81,0.6
1.5,0.8125,0.6
1.5,0.815,0.6
1.5,0.8175,0.6
1.5,0.82,0.6
1.5,0.8225,0.6
1.5,0.825,0.6
1.5,0.8275,0.6
1.5,0.83,0.6
1.5,0.8325,0.6
1.5,0.835,0.6
1.5,0.8375,0.6
1.5,0.84,0.6
1.5,0.8425,0.6
1.5,0.845,0.6
1.5,0.8475,0.6
1.5,0.85,0.6
1.5,0.8525,0.6
1.5,0.855,0.6
1.5,0.8575,0.6
1.5,0.86,0.6
1.5,0.8625,0.6
1.5,0.865,0.6
1.5,0.8675,0.6
1.5,0.87,0.6
1.5,0.8725,0.6
1.5,0.875,0.6
1.5,0.8775,0.6
1.5,0.88,0.6
1.5,0.8825,0.6
1.5,0.885,0.6
1.5,0.8875,0.6
1.5,0.89,0.6
1.5,0.8925,0.6
1.5,0.895,0.6
1.5,0.8975,0.6
1.5,0.9,0.6
1.5,0.9025,0.6
1.5,0.905,0.6
1.5,0.9075,0.6
1.5,0.91,0.6
1.5,0.9125,0.6
1.5,0.915,0.6
1.5,0.9175,0.6
1.5,0.92,0.6
1.5,0.9225,0.6
1.5,0.925,0.6
1.5,0.9275,0.6
1.5,0.93,0.6
1.5,0.9325,0.6
1.5,0.935,0.6
1.5,0.9375,0.6
1.5,0.94,0.6
1.5,0.9425,0.6
1.5,0.945,0.6
1.5,0.9475,0.6
1.5,0.95,0.6
1.5,0.9525,0.6
1.5,0.955,0.6
1.5,0.9575,0.6
1.5,0.96,0.6
1.5,0.9625,0.6
1.5,0.965,0.6
1.5,0.9675,0.6
1.5,0.97,0.6
1.5,0.9725,0.6
1.5,0.975,0.6
1.5,0.9775,0.6
1.5,0.98,0.6
1.5,0.9825,0.6
1.5,0.985,0.6
1.5,0.9875,0.6
1.5,0.99,0.6
1.5,0.9925,0.6
1.5,0.995,0.6
1.5,0.9975,0.6
1.5,1,0.6
1.5,1.0025,0.6
1.5,1.005,0.6
1.5,1.0075,0.6
1.5,1.01,0.6
1.5,1.0125,0.6
1.5,1.015,0.6
1.5,1.0175,0.6
1.5,1.02,0.6
1.5,1.0225,0.6
1.5,1.025,0.6
1.5,1.0275,0.6
1.5,1.03,0.6
1.5,1.0325,0.6
1.5,1.035,0.6
1.5,1.0375,0.6
1.5,1.04,0.6
1.5,1.0425,0.6
1.5,1.045,0.6
1.5,1.0475,0.6
1.5,1.05,0.6
1.5,1.0525,0.6
1.5,1.055,0.6
1.5,1.0575,0.6
1.5,1.06,0.6
1.5,1.0625,0.6
1.5,1.065,0.6
1.5,1.0675,0.6
1.5,1.07,0.6
1.5,1.0725,0.6
1.5,1.075,0.6
1.5,1.0775,0.6
1.5,1.08,0.6
1.5,1.0825,0.6
1.5,1.085,0.6
1.5,1.0875,0.6
1.5,1.09,0.6
1.5,1.0925,0.6
1.5,1.095,0.6
1.5,1.0975,0.6
1.5,1.1,0.6
1.5,1.1025,0.6
1.5,1.105,0.6
1.5,1.1075,0.6
1.5,1.11,0.6
1.5,1.1125,0.6
1.5,1.115,0.6
1.5,1.1175,0.6
1.5,1.12,0.6
1.5,1.1225,0.6
1.5,1.125,0.6
1.5,1.1275,0.6
1.5,1.13,0.6
1.5,1.1325,0.6
1.5,1.135,0.6
1.5,1.1375,0.6
1.5,1.14,0.6
1.5,1.1425,0.6
1.5,1.145,0.6
1.5,1.1475,0.6
1.5,1.15,0.6
1.5,1.1525,0.6
1.5,1.155,0.6
1.5,1.1575,0.6
1.5,1.16,0.6
1.5,1.1625,0.6
1.5,1.165,0.6
1.5,1.1675,0.6
1.5,1.17,0.6
1.5,1.1725,0.6
1.5,1.175,0.6
1.5,1.1775,0.6
1.5,1.18,0.6
1.5,1.1825,0.6
1.5,1.185,0.6
1.5,1.1875,0.6
1.5,1.19,0.6
1.5,1.1925,0.6
1.5,1.195,0.6
1.5,1.1975,0.6
1.5,1.2,0.6
1.5,1.2025,0.6
1.5,1.205,0.6
1.5,1.2075,0.6
1.5,1.21,0.6
1.5,1.2125,0.6
1.5,1.215,0.6
1.5,1.2175,0.6
1.5,1.22,0.6
1.5,1.2225,0.6
1.5,1.225,0.6
1.5,1.2275,0.6
1.5,1.23,0.6
1.5,1.2325,0.6
1.5,1.235,0.6
1.5,1.2375,0.6
1.5,1.24,0.6
1.5,1.2425,0.6
1.5,1.245,0.6
1.5,1.2475,0.6
1.5,1.25,0.6
1.5,1.2525,0.6
1.5,1.255,0.6
1.5,1.2575,0.6
1.5,1.26,0.6
1.5,1.2625,0.6
1.5,1.265,0.6
1.5,1.2675,0.6
1.5,1.27,0.6
1.5,1.2725,0.6
1.5,1.275,0.6
1.5,1.2775,0.6
1.5,1.28,0.6
1.5,1.2825,0.6
1.5,1.285,0.6
1.5,1.2875,0.6
1.5,1.29,0.6
1.5,1.2925,0.6
1.5,1.295,0.6
1.5,1.2975,0.6
1.5,1.3,0.6
1.5,1.3025,0.6
1.5,1.305,0.6
1.5,1.3075,0.6
1.5,1.31,0.6
1.5,1.3125,0.6
1.5,1.315,0.6
1.5,1.3175,0.6
1.5,1.32,0.6
1.5,1.3225,0.6
1.5,1.325,0.6
1.5,1.3275,0.6
1.5,1.33,0.6
1.5,1.3325,0.6
1.5,1.335,0.6
1.5,1.3375,0.6
1.5,1.34,0.6
1.5,1.3425,0.6
1.5,1.345,0.6
1.5,1.3475,0.6
1.5,1.35,0.6
1.5,1.3525,0.6
1.5,1.355,0.6
1.5,1.3575,0.6
1.5,1.36,0.6
1.5,1.3625,0.6
1.5,1.365,0.6
1.5,1.3675,0.6
1.5,1.37,0.6
1.5,1.3725,0.6
1.5,1.375,0.6
1.5,1.3775,0.6
1.5,1.38,0.6
1.5,1.3825,0.6
1.5,1.385,0.6
1.5,1.3875,0.6
1.5,1.39,0.6
1.5,1.3925,0.6
1.5,1.395,0.6
1.5,1.3975,0.6
1.5,1.4,0.6
1.5,1.4025,0.6
1.5,1.405,0.6
1.5,1.4075,0.6
1.5,1.41,0.6
1.5,1.4125,0.6
1.5,1.415,0.6
1.5,1.4175,0.6
1.5,1.42,0.6
1.5,1.4225,0.6
1.5,1.425,0.6
1.5,1.4275,0.6
1.5,1.43,0.6
1.5,1.4325,0.6
1.5,1.435,0.6
1.5,1.4375,0.6
1.5,1.44,0.6
1.5,1.4425,0.6
1.5,1.445,0.6
1.5,1.4475,0.6
1.5,1.45,0.6
1.5,1.4525,0.6
1.5,1.455,0.6
1.5,1.4575,0.6
1.5,1.46,0.6
1.5,1.4625,0.6
1.5,1.465,0.6
1.5,1.4675,0.6
1.5,1.47,0.6
1.5,1.4725,0.6
1.5,1.475,0.6
1.5,1.4775,0.6
1.5,1.48,0.6
1.5,1.4825,0.6
1.5,1.485,0.6
1.5,1.4875,0.6
1.5,1.49,0.6
1.5,1.4925,0.6
1.5,1.495,0.6
1.5,1.4975,0.6
1.5,1.5,0.6
1.5,1.5,0.595
1.5,1.5,0.59
1.5,1.5,0.585
1.5,1.5,0.58
1.5,1.5,0.575
1.5,1.5,0.57
1.5,1.5,0.565
1.5,1.5,0.56
1.5,1.5,0.555
1.5,1.5,0.55
1.5,1.5,0.545
1.5,1.5,0.54
1.5,1.5,0.535
1.5,1.5,0.53
1.5,1.5,0.525
1.5,1.5,0.52
1.5,1.5,0.515
1.5,1.5,0.51
1.5,1.5,0.505
1.5,1.5,0.5
1.5,1.5,0.495
1.5,1.5,0.49
1.5,1.5,0.485
1.5,1.5,0.48
1.5,1.5,0.475
1.5,1.5,0.47
1.5,1.5,0.465
1.5,1.5,0.46
1.5,1.5,0.455
1.5,1.5,0.45
1.5,1.5,0.445
1.5,1.5,0.44
1.5,1.5,0.435
1.5,1.5,0.43
1.5,1.5,0.425
1.5,1.5,0.42
1.5,1.5,0.415
1.5,1.5,0.41
1.5,1.5,0.405
1.5,1.5,0.4
1.5,1.5,0.395
1.5,1.5,0.39
1.5,1.5,0.385
1.5,1.5,0.38
1.5,1.5,0.375
1.5,1.5,0.37
1.5,1.5,0.365
1.5,1.5,0.36
1.5,1.5,0.355
1.5,1.5,0.35
1.5,1.5,0.345
1.5,1.5,0.34
1.5,1.5,0.335
1.5,1.5,0.33
1.5,1.5,0.325
1.5,1.5,0.32
1.5,1.5,0.315
1.5,1.5,0.31
1.5,1.5,0.305
1.5,1.5,0.3
1.5,1.5,0.295
1.5,1.5,0.29
1.5,1.5,0.285
1.5,1.5,0.28
1.5,1.5,0.275
1.5,1.5,0.27
1.5,1.5,0.265
1.5,1.5,0.26
1.5,1.5,0.255
1.5,1.5,0.25
1.5,1.5,0.245
1.5,1.5,0.24
1.5,1.5,0.235
1.5,1.5,0.23
1.5,1.5,0.225
1.5,1.5,0.22
1.5,1.5,0.215
1.5,1.5,0.21
1.5,1.5,0.205
1.5,1.5,0.2
1.5,1.5,0.195
1.5,1.5,0.19
1.5,1.5,0.185
1.5,1.5,0.18
1.5,1.5,0.175
1.5,1.5,0.17
1.5,1.5,0.165
1.5,1.5,0.16
1.5,1.5,0.155
1.5,1.5,0.15
1.5,1.5,0.145
1.5,1.5,0.14
1.5,1.5,0.135
1.5,1.5,0.13
1.5,1.5,0.125
1.5,1.5,0.12
1.5,1.5,0.115
1.5,1.5,0.11
1.5,1.5,0.105
1.5,1.5,0.1
1.5,1.5,0.095
1.5,1.5,0.09
1.5,1.5,0.085
1.5,1.5,0.08
1.5,1.5,0.075
1.5,1.5,0.07
1.5,1.5,0.065
1.5,1.5,0.06
1.5,1.5,0.055
1.5,1.5,0.05
1.5,1.5,0.045
1.5,1.5,0.04
1.5,1.5,0.035
1.5,1.5,0.03
1.5,1.5,0.025
1.5,1.5,0.02
1.5,1.5,0.015
1.5,1.5,0.01
1.5,1.5,0.005
1.5,1.5,0
1.5,1.5,-0.005
1.5,1.5,-0.01
1.5,1.5,-0.015
1.5,1.5,-0.02
1.5,1.5,-0.025
1.5,1.5,-0.03
1.5,1.5,-0.035
1.5,1.5,-0.04
1.5,1.5,-0.045
1.5,1.5,-0.05
1.5,1.5,-0.055
1.5,1.5,-0.06
1.5,1.5,-0.065
1.5,1.5,-0.07
1.5,1.5,-0.075
1.5,1.5,-0.08
1.5,1.5,-0.085
1.5,1.5,-0.09
1.5,1.5,-0.095
1.5,1.5,-0.1
1.5,1.5,-0.105
1.5,1.5,-0.11
1.5,1.5,-0.115
1.5,1.5,-0.12
1.5,1.5,-0.125
1.5,1.5,-0.13
1.5,1.5,-0.135
1.5,1.5,-0.14
1.5,1.5,-0.145
